<?xml version="1.0" encoding="utf-8"?>
<actor id="id544776" PGFVersion="0.17" GSCVersion="0.9.91">
  <attributes>
    <text id="name">boss</text>
    <real id="time">0</real>
    <point id="position">
      <real id="x">0</real>
      <real id="y">0</real>
    </point>
    <size id="size">
      <real id="width">512</real>
      <real id="height">256</real>
    </size>
    <angle id="rotation">0</angle>
    <color id="color">
      <real id="red">1</real>
      <real id="green">1</real>
      <real id="blue">1</real>
      <real id="alpha">1</real>
    </color>
    <image id="image">boss</image>
    <text id="tags">Enemy Targets</text>
    <boolean id="preloadArt">true</boolean>
    <integer id="id787554" name="Hit Points">100</integer>
  </attributes>
  <behaviors>
    <behavior id="id965904" class="MoveBehavior" enabled="true">
      <attributes>
        <text id="name">Move</text>
        <text id="bundleName">Move.behavior</text>
        <angle id="direction">180</angle>
        <index id="space">0</index>
        <index id="moveType">0</index>
        <real id="speed">15</real>
        <boolean id="haltWhenBehaviorStops">true</boolean>
      </attributes>
    </behavior>
    <behavior id="id356529" class="TimerBehavior" enabled="true">
      <attributes>
        <text id="name">Timer</text>
        <text id="bundleName">Timer.behavior</text>
        <index id="timerType">0</index>
        <real id="interval">0.5</real>
        <boolean id="runToCompletion">false</boolean>
      </attributes>
      <behaviors>
        <behavior id="id584874" class="SpawnAction" enabled="true">
          <attributes>
            <text id="name">Spawn Actor</text>
            <text id="bundleName">Spawn.behavior</text>
            <text id="prototypeKey">id151461</text>
            <angle id="direction">0</angle>
            <index id="directionSpace">0</index>
            <real id="x">-200</real>
            <real id="y">0</real>
            <index id="positionSpace">0</index>
            <index id="layerOrder">0</index>
          </attributes>
        </behavior>
      </behaviors>
    </behavior>
    <behavior id="id985643" class="RuleBehavior" enabled="true">
      <attributes>
        <text id="name">Rule</text>
        <text id="bundleName">Rule.behavior</text>
        <real id="compoundConditionKind">0</real>
      </attributes>
      <conditions>
        <condition id="id727755" eventType="overlaps or collides">
          <attributes>
            <index id="conditionType">0</index>
            <text id="name">default name</text>
          </attributes>
          <predicate type="collision">
            <attributes>
              <text id="prototypeKey">id794126</text>
              <text id="actorTag" />
              <real id="mode">0</real>
              <text id="name">default name</text>
            </attributes>
          </predicate>
        </condition>
      </conditions>
      <behaviors>
        <behavior id="id918019" class="ChangeAttributeAction" enabled="true">
          <attributes>
            <text id="name">Change Attribute</text>
            <text id="bundleName">ChangeAttribute.behavior</text>
            <text id="targetAttribute">self.attributes.id787554</text>
            <text id="RHS">
              <expression>
                <reference keypath="self.attributes.id787554" />
                <string>-1</string>
              </expression>
            </text>
          </attributes>
        </behavior>
        <behavior id="id154809" class="ChangeAttributeAction" enabled="true">
          <attributes>
            <text id="name">Change Attribute</text>
            <text id="bundleName">ChangeAttribute.behavior</text>
            <text id="targetAttribute">self.attributes.color.blue</text>
            <text id="RHS">0</text>
          </attributes>
        </behavior>
        <behavior id="id586196" class="TimerBehavior" enabled="true">
          <attributes>
            <text id="name">Timer</text>
            <text id="bundleName">Timer.behavior</text>
            <index id="timerType">1</index>
            <real id="interval">0.02</real>
            <boolean id="runToCompletion">true</boolean>
          </attributes>
          <behaviors>
            <behavior id="id501204" class="ChangeAttributeAction" enabled="true">
              <attributes>
                <text id="name">Change Attribute</text>
                <text id="bundleName">ChangeAttribute.behavior</text>
                <text id="targetAttribute">self.attributes.color.blue</text>
                <text id="RHS">1</text>
              </attributes>
            </behavior>
          </behaviors>
        </behavior>
      </behaviors>
      <elseBehaviors />
    </behavior>
    <behavior id="id418714" class="RuleBehavior" enabled="true">
      <attributes>
        <text id="name">Rule</text>
        <text id="bundleName">Rule.behavior</text>
        <real id="compoundConditionKind">0</real>
      </attributes>
      <conditions>
        <condition id="id336759" eventType="mouse button">
          <attributes>
            <index id="conditionType">1</index>
            <text id="subjectAttribute">self.attributes.id787554</text>
            <text id="name">default name</text>
          </attributes>
          <predicate type="number">
            <attributes>
              <text id="operator">&lt;=</text>
              <real id="RHS">0</real>
              <text id="name">default name</text>
            </attributes>
          </predicate>
        </condition>
      </conditions>
      <behaviors>
        <behavior id="id345951" class="SpawnAction" enabled="true">
          <attributes>
            <text id="name">Spawn Actor</text>
            <text id="bundleName">Spawn.behavior</text>
            <text id="prototypeKey">id751213</text>
            <angle id="direction">0</angle>
            <index id="directionSpace">0</index>
            <real id="x">-75</real>
            <real id="y">0</real>
            <index id="positionSpace">0</index>
            <index id="layerOrder">0</index>
          </attributes>
        </behavior>
        <behavior id="id262619" class="ChangeAttributeAction" enabled="true">
          <attributes>
            <text id="name">Change Attribute</text>
            <text id="bundleName">ChangeAttribute.behavior</text>
            <text id="targetAttribute">game.attributes.id148203</text>
            <text id="RHS">false</text>
          </attributes>
        </behavior>
        <behavior id="id759780" class="ChangeAttributeAction" enabled="true">
          <attributes>
            <text id="name">Change Attribute</text>
            <text id="bundleName">ChangeAttribute.behavior</text>
            <text id="targetAttribute">game.attributes.id139344</text>
            <text id="RHS">true</text>
          </attributes>
        </behavior>
        <behavior id="id858282" class="ChangeAttributeAction" enabled="true">
          <attributes>
            <text id="name">Change Attribute</text>
            <text id="bundleName">ChangeAttribute.behavior</text>
            <text id="targetAttribute">game.attributes.id351029</text>
            <text id="RHS">
              <expression>
                <reference keypath="game.attributes.id351029" />
                <string>+250</string>
              </expression>
            </text>
          </attributes>
        </behavior>
        <behavior id="id628084" class="DestroyAction" enabled="true">
          <attributes>
            <text id="name">Destroy</text>
            <text id="bundleName">Destroy.behavior</text>
          </attributes>
        </behavior>
      </behaviors>
      <elseBehaviors />
    </behavior>
    <behavior id="id277466" class="RuleBehavior" enabled="true">
      <attributes>
        <text id="name">Rule: Game Over if Boss leaves left side of the scene</text>
        <text id="bundleName">Rule.behavior</text>
        <real id="compoundConditionKind">0</real>
      </attributes>
      <conditions>
        <condition id="id737566" eventType="mouse button">
          <attributes>
            <index id="conditionType">1</index>
            <text id="subjectAttribute">self.attributes.position.x</text>
          </attributes>
          <predicate type="number">
            <attributes>
              <text id="operator">&lt;</text>
              <real id="RHS">
                <expression>
                  <string>-</string>
                  <reference keypath="self.attributes.size.width" />
                  <string>/2</string>
                </expression>
              </real>
            </attributes>
          </predicate>
        </condition>
      </conditions>
      <behaviors>
        <behavior id="id809515" class="ChangeAttributeAction" enabled="true">
          <attributes>
            <text id="name">Change Attribute</text>
            <text id="bundleName">ChangeAttribute.behavior</text>
            <text id="targetAttribute">game.attributes.id148203</text>
            <text id="RHS">true</text>
          </attributes>
        </behavior>
        <behavior id="id818843" class="ChangeAttributeAction" enabled="true">
          <attributes>
            <text id="name">Change Attribute</text>
            <text id="bundleName">ChangeAttribute.behavior</text>
            <text id="targetAttribute">game.attributes.id139344</text>
            <text id="RHS">true</text>
          </attributes>
        </behavior>
      </behaviors>
      <elseBehaviors />
    </behavior>
  </behaviors>
  <aspects>
    <graphics>
      <attributes>
        <boolean id="visible">true</boolean>
        <enumeration id="blendingMode">0</enumeration>
        <enumeration id="horizontalWrap">0</enumeration>
        <enumeration id="verticalWrap">0</enumeration>
        <enumeration id="horizontalAnchor">0</enumeration>
        <enumeration id="verticalAnchor">0</enumeration>
        <boolean id="flipHorizontally">false</boolean>
        <boolean id="flipVertically">false</boolean>
      </attributes>
    </graphics>
    <motion>
      <attributes>
        <point id="linearVelocity">
          <real id="x">0</real>
          <real id="y">0</real>
        </point>
        <real id="angularVelocity">0</real>
        <real id="maxSpeed">0</real>
        <boolean id="applyMaxSpeed">false</boolean>
      </attributes>
    </motion>
    <physics>
      <attributes>
        <real id="density">1</real>
        <real id="friction">3</real>
        <real id="restitution">1</real>
        <boolean id="fixedRotation">false</boolean>
        <boolean id="movable">true</boolean>
        <enumeration id="collisionShape">0</enumeration>
        <real id="drag">0</real>
        <real id="angularDrag">0</real>
      </attributes>
    </physics>
  </aspects>
</actor>