<?xml version="1.0" encoding="utf-8"?>
<actor id="id779656" PGFVersion="0.17" GSCVersion="0.9.91">
  <attributes>
    <text id="name">spawner</text>
    <real id="time">0</real>
    <point id="position">
      <real id="x">0</real>
      <real id="y">0</real>
    </point>
    <size id="size">
      <real id="width">100</real>
      <real id="height">100</real>
    </size>
    <angle id="rotation">0</angle>
    <color id="color">
      <real id="red">1</real>
      <real id="green">1</real>
      <real id="blue">1</real>
      <real id="alpha">1</real>
    </color>
    <image id="image" />
    <text id="tags" />
    <boolean id="preloadArt">true</boolean>
  </attributes>
  <behaviors>
    <behavior id="id150919" class="TimerBehavior" enabled="true">
      <attributes>
        <text id="name">Timer</text>
        <text id="bundleName">Timer.behavior</text>
        <index id="timerType">0</index>
        <real id="interval">1</real>
        <boolean id="runToCompletion">false</boolean>
      </attributes>
      <behaviors>
        <behavior id="id246535" class="SpawnAction" enabled="true">
          <attributes>
            <text id="name">Spawn Actor</text>
            <text id="bundleName">Spawn.behavior</text>
            <text id="prototypeKey">id167738</text>
            <angle id="direction">0</angle>
            <index id="directionSpace">0</index>
            <real id="x">600</real>
            <real id="y">
              <expression>
                <string>random(100,300)</string>
              </expression>
            </real>
            <index id="positionSpace">1</index>
            <index id="layerOrder">0</index>
          </attributes>
        </behavior>
      </behaviors>
    </behavior>
    <behavior id="id897454" class="TimerBehavior" enabled="true">
      <attributes>
        <text id="name">Timer</text>
        <text id="bundleName">Timer.behavior</text>
        <index id="timerType">1</index>
        <real id="interval">15</real>
        <boolean id="runToCompletion">false</boolean>
      </attributes>
      <behaviors>
        <behavior id="id246535" class="SpawnAction" enabled="true">
          <attributes>
            <text id="name">Spawn Actor</text>
            <text id="bundleName">Spawn.behavior</text>
            <text id="prototypeKey">id544776</text>
            <angle id="direction">0</angle>
            <index id="directionSpace">0</index>
            <real id="x">800</real>
            <real id="y">
              <expression>
                <string>200</string>
              </expression>
            </real>
            <index id="positionSpace">1</index>
            <index id="layerOrder">0</index>
          </attributes>
        </behavior>
      </behaviors>
    </behavior>
    <behavior id="id109834" class="RuleBehavior" enabled="true">
      <attributes>
        <text id="name">Rule</text>
        <text id="bundleName">Rule.behavior</text>
        <real id="compoundConditionKind">0</real>
      </attributes>
      <conditions>
        <condition id="id998753" eventType="mouse button">
          <attributes>
            <index id="conditionType">1</index>
            <text id="subjectAttribute">game.attributes.id139344</text>
          </attributes>
          <predicate type="boolean">
            <attributes>
              <index id="RHS">1</index>
              <text id="operator">=</text>
            </attributes>
          </predicate>
        </condition>
      </conditions>
      <behaviors>
        <behavior id="id794037" class="TimerBehavior" enabled="true">
          <attributes>
            <text id="name">Timer</text>
            <text id="bundleName">Timer.behavior</text>
            <index id="timerType">1</index>
            <real id="interval">2</real>
            <boolean id="runToCompletion">false</boolean>
          </attributes>
          <behaviors>
            <behavior id="id782566" class="ChangeSceneAction" enabled="true">
              <attributes>
                <text id="name">Change Scene</text>
                <text id="bundleName">ChangeScene.behavior</text>
                <text id="sceneKey">id781812</text>
                <boolean id="preserveCurrentScene">false</boolean>
              </attributes>
            </behavior>
          </behaviors>
        </behavior>
      </behaviors>
      <elseBehaviors />
    </behavior>
  </behaviors>
  <aspects>
    <graphics>
      <attributes>
        <boolean id="visible">true</boolean>
        <enumeration id="blendingMode">0</enumeration>
        <enumeration id="horizontalWrap">0</enumeration>
        <enumeration id="verticalWrap">0</enumeration>
        <enumeration id="horizontalAnchor">0</enumeration>
        <enumeration id="verticalAnchor">0</enumeration>
        <boolean id="flipHorizontally">false</boolean>
        <boolean id="flipVertically">false</boolean>
      </attributes>
    </graphics>
    <motion>
      <attributes>
        <point id="linearVelocity">
          <real id="x">0</real>
          <real id="y">0</real>
        </point>
        <real id="angularVelocity">0</real>
        <real id="maxSpeed">0</real>
        <boolean id="applyMaxSpeed">false</boolean>
      </attributes>
    </motion>
    <physics>
      <attributes>
        <real id="density">1</real>
        <real id="friction">3</real>
        <real id="restitution">1</real>
        <boolean id="fixedRotation">false</boolean>
        <boolean id="movable">true</boolean>
        <enumeration id="collisionShape">0</enumeration>
        <real id="drag">0</real>
        <real id="angularDrag">0</real>
      </attributes>
    </physics>
  </aspects>
</actor>