<?xml version="1.0" encoding="utf-8"?>
<actor id="id768623" PGFVersion="0.17" GSCVersion="0.9.91">
  <attributes>
    <text id="name">ship</text>
    <real id="time">0</real>
    <point id="position">
      <real id="x">0</real>
      <real id="y">0</real>
    </point>
    <size id="size">
      <real id="width">128</real>
      <real id="height">64</real>
    </size>
    <angle id="rotation">0</angle>
    <color id="color">
      <real id="red">1</real>
      <real id="green">1</real>
      <real id="blue">1</real>
      <real id="alpha">1</real>
    </color>
    <image id="image">ship</image>
    <text id="tags" />
    <boolean id="preloadArt">true</boolean>
  </attributes>
  <behaviors>
    <behavior id="id609725" class="RuleBehavior" enabled="true">
      <attributes>
        <text id="name">Rule - Move Right</text>
        <text id="bundleName">Rule.behavior</text>
        <real id="compoundConditionKind">0</real>
      </attributes>
      <conditions>
        <condition id="id564997" eventType="key">
          <attributes>
            <index id="conditionType">0</index>
            <text id="name">default name</text>
          </attributes>
          <predicate type="key">
            <attributes>
              <text id="mode">down</text>
              <text id="keyString">right</text>
              <text id="name">default name</text>
            </attributes>
          </predicate>
        </condition>
        <condition id="id138624" eventType="mouse button">
          <attributes>
            <index id="conditionType">1</index>
            <text id="subjectAttribute">self.attributes.position.x</text>
          </attributes>
          <predicate type="number">
            <attributes>
              <text id="operator">&lt;</text>
              <real id="RHS">440</real>
            </attributes>
          </predicate>
        </condition>
      </conditions>
      <behaviors>
        <behavior id="id857968" class="MoveBehavior" enabled="true">
          <attributes>
            <text id="name">Move</text>
            <text id="bundleName">Move.behavior</text>
            <angle id="direction">0</angle>
            <index id="space">0</index>
            <index id="moveType">0</index>
            <real id="speed">300</real>
            <boolean id="haltWhenBehaviorStops">true</boolean>
          </attributes>
        </behavior>
      </behaviors>
      <elseBehaviors />
    </behavior>
    <behavior id="id521096" class="RuleBehavior" enabled="true">
      <attributes>
        <text id="name">Rule - Move Left</text>
        <text id="bundleName">Rule.behavior</text>
        <real id="compoundConditionKind">0</real>
      </attributes>
      <conditions>
        <condition id="id564997" eventType="key">
          <attributes>
            <index id="conditionType">0</index>
            <text id="name">default name</text>
          </attributes>
          <predicate type="key">
            <attributes>
              <text id="mode">down</text>
              <text id="keyString">left</text>
              <text id="name">default name</text>
            </attributes>
          </predicate>
        </condition>
        <condition id="id835124" eventType="mouse button">
          <attributes>
            <index id="conditionType">1</index>
            <text id="subjectAttribute">self.attributes.position.x</text>
          </attributes>
          <predicate type="number">
            <attributes>
              <text id="operator">&gt;</text>
              <real id="RHS">40</real>
            </attributes>
          </predicate>
        </condition>
      </conditions>
      <behaviors>
        <behavior id="id857968" class="MoveBehavior" enabled="true">
          <attributes>
            <text id="name">Move</text>
            <text id="bundleName">Move.behavior</text>
            <angle id="direction">180</angle>
            <index id="space">0</index>
            <index id="moveType">0</index>
            <real id="speed">300</real>
            <boolean id="haltWhenBehaviorStops">true</boolean>
          </attributes>
        </behavior>
      </behaviors>
      <elseBehaviors />
    </behavior>
    <behavior id="id774586" class="RuleBehavior" enabled="true">
      <attributes>
        <text id="name">Rule - Move Up</text>
        <text id="bundleName">Rule.behavior</text>
        <real id="compoundConditionKind">0</real>
      </attributes>
      <conditions>
        <condition id="id564997" eventType="key">
          <attributes>
            <index id="conditionType">0</index>
            <text id="name">default name</text>
          </attributes>
          <predicate type="key">
            <attributes>
              <text id="mode">down</text>
              <text id="keyString">up</text>
              <text id="name">default name</text>
            </attributes>
          </predicate>
        </condition>
        <condition id="id675185" eventType="mouse button">
          <attributes>
            <index id="conditionType">1</index>
            <text id="subjectAttribute">self.attributes.position.y</text>
          </attributes>
          <predicate type="number">
            <attributes>
              <text id="operator">&lt;</text>
              <real id="RHS">290</real>
            </attributes>
          </predicate>
        </condition>
      </conditions>
      <behaviors>
        <behavior id="id857968" class="MoveBehavior" enabled="true">
          <attributes>
            <text id="name">Move</text>
            <text id="bundleName">Move.behavior</text>
            <angle id="direction">90</angle>
            <index id="space">0</index>
            <index id="moveType">0</index>
            <real id="speed">300</real>
            <boolean id="haltWhenBehaviorStops">true</boolean>
          </attributes>
        </behavior>
      </behaviors>
      <elseBehaviors />
    </behavior>
    <behavior id="id579054" class="RuleBehavior" enabled="true">
      <attributes>
        <text id="name">Rule - Move Down</text>
        <text id="bundleName">Rule.behavior</text>
        <real id="compoundConditionKind">0</real>
      </attributes>
      <conditions>
        <condition id="id564997" eventType="key">
          <attributes>
            <index id="conditionType">0</index>
            <text id="name">default name</text>
          </attributes>
          <predicate type="key">
            <attributes>
              <text id="mode">down</text>
              <text id="keyString">down</text>
              <text id="name">default name</text>
            </attributes>
          </predicate>
        </condition>
        <condition id="id145470" eventType="mouse button">
          <attributes>
            <index id="conditionType">1</index>
            <text id="subjectAttribute">self.attributes.position.y</text>
          </attributes>
          <predicate type="number">
            <attributes>
              <text id="operator">&gt;</text>
              <real id="RHS">30</real>
            </attributes>
          </predicate>
        </condition>
      </conditions>
      <behaviors>
        <behavior id="id857968" class="MoveBehavior" enabled="true">
          <attributes>
            <text id="name">Move</text>
            <text id="bundleName">Move.behavior</text>
            <angle id="direction">270</angle>
            <index id="space">0</index>
            <index id="moveType">0</index>
            <real id="speed">300</real>
            <boolean id="haltWhenBehaviorStops">true</boolean>
          </attributes>
        </behavior>
      </behaviors>
      <elseBehaviors />
    </behavior>
    <behavior id="id221832" class="RuleBehavior" enabled="true">
      <attributes>
        <text id="name">Rule - Fire Laser</text>
        <text id="bundleName">Rule.behavior</text>
        <real id="compoundConditionKind">0</real>
      </attributes>
      <conditions>
        <condition id="id925895" eventType="key">
          <attributes>
            <index id="conditionType">0</index>
            <text id="name">default name</text>
          </attributes>
          <predicate type="key">
            <attributes>
              <text id="mode">down</text>
              <text id="keyString">space</text>
              <text id="name">default name</text>
            </attributes>
          </predicate>
        </condition>
      </conditions>
      <behaviors>
        <behavior id="id233169" class="SpawnAction" enabled="true">
          <attributes>
            <text id="name">Spawn Actor</text>
            <text id="bundleName">Spawn.behavior</text>
            <text id="prototypeKey">id794126</text>
            <angle id="direction">0</angle>
            <index id="directionSpace">0</index>
            <real id="x">75</real>
            <real id="y">-5</real>
            <index id="positionSpace">0</index>
            <index id="layerOrder">0</index>
          </attributes>
        </behavior>
        <behavior id="id660955" class="TimerBehavior" enabled="true">
          <attributes>
            <text id="name">Timer</text>
            <text id="bundleName">Timer.behavior</text>
            <index id="timerType">0</index>
            <real id="interval">0.1</real>
            <boolean id="runToCompletion">false</boolean>
          </attributes>
          <behaviors>
            <behavior id="id577040" class="SpawnAction" enabled="true">
              <attributes>
                <text id="name">Spawn Actor</text>
                <text id="bundleName">Spawn.behavior</text>
                <text id="prototypeKey">id794126</text>
                <angle id="direction">0</angle>
                <index id="directionSpace">0</index>
                <real id="x">75</real>
                <real id="y">-5</real>
                <index id="positionSpace">0</index>
                <index id="layerOrder">0</index>
              </attributes>
            </behavior>
          </behaviors>
        </behavior>
      </behaviors>
      <elseBehaviors />
    </behavior>
    <behavior id="id419770" class="ConstrainAttributeBehavior" enabled="true">
      <attributes>
        <text id="name">Constrain Attribute</text>
        <text id="bundleName">ConstrainAttribute.behavior</text>
        <text id="targetAttribute">game.attributes.id109120</text>
        <text id="RHS">
          <expression>
            <reference keypath="self.attributes.position.x" />
          </expression>
        </text>
      </attributes>
    </behavior>
    <behavior id="id577497" class="ConstrainAttributeBehavior" enabled="true">
      <attributes>
        <text id="name">Constrain Attribute</text>
        <text id="bundleName">ConstrainAttribute.behavior</text>
        <text id="targetAttribute">game.attributes.id388541</text>
        <text id="RHS">
          <expression>
            <reference keypath="self.attributes.position.y" />
          </expression>
        </text>
      </attributes>
    </behavior>
  </behaviors>
  <aspects>
    <graphics>
      <attributes>
        <boolean id="visible">true</boolean>
        <enumeration id="blendingMode">0</enumeration>
        <enumeration id="horizontalWrap">0</enumeration>
        <enumeration id="verticalWrap">0</enumeration>
        <enumeration id="horizontalAnchor">0</enumeration>
        <enumeration id="verticalAnchor">0</enumeration>
        <boolean id="flipHorizontally">false</boolean>
        <boolean id="flipVertically">false</boolean>
      </attributes>
    </graphics>
    <motion>
      <attributes>
        <point id="linearVelocity">
          <real id="x">0</real>
          <real id="y">0</real>
        </point>
        <real id="angularVelocity">0</real>
        <real id="maxSpeed">0</real>
        <boolean id="applyMaxSpeed">false</boolean>
      </attributes>
    </motion>
    <physics>
      <attributes>
        <real id="density">1</real>
        <real id="friction">3</real>
        <real id="restitution">1</real>
        <boolean id="fixedRotation">false</boolean>
        <boolean id="movable">true</boolean>
        <enumeration id="collisionShape">0</enumeration>
        <real id="drag">0</real>
        <real id="angularDrag">0</real>
      </attributes>
    </physics>
  </aspects>
</actor>