<?xml version="1.0" encoding="utf-8"?>
<actor id="id167738" PGFVersion="0.17" GSCVersion="0.9.91">
  <attributes>
    <text id="name">enemy</text>
    <real id="time">0</real>
    <point id="position">
      <real id="x">0</real>
      <real id="y">0</real>
    </point>
    <size id="size">
      <real id="width">128</real>
      <real id="height">64</real>
    </size>
    <angle id="rotation">0</angle>
    <color id="color">
      <real id="red">1</real>
      <real id="green">1</real>
      <real id="blue">1</real>
      <real id="alpha">1</real>
    </color>
    <image id="image">enemy</image>
    <text id="tags">Enemy Targets</text>
    <boolean id="preloadArt">true</boolean>
  </attributes>
  <behaviors>
    <behavior id="id199915" class="MoveBehavior" enabled="true">
      <attributes>
        <text id="name">Move</text>
        <text id="bundleName">Move.behavior</text>
        <angle id="direction">180</angle>
        <index id="space">0</index>
        <index id="moveType">0</index>
        <real id="speed">200</real>
        <boolean id="haltWhenBehaviorStops">true</boolean>
      </attributes>
    </behavior>
    <behavior id="id883319" class="RuleBehavior" enabled="true">
      <attributes>
        <text id="name">Rule</text>
        <text id="bundleName">Rule.behavior</text>
        <real id="compoundConditionKind">0</real>
      </attributes>
      <conditions>
        <condition id="id881060" eventType="overlaps or collides">
          <attributes>
            <index id="conditionType">0</index>
            <text id="name">default name</text>
          </attributes>
          <predicate type="collision">
            <attributes>
              <text id="prototypeKey">id794126</text>
              <text id="actorTag" />
              <real id="mode">0</real>
              <text id="name">default name</text>
            </attributes>
          </predicate>
        </condition>
      </conditions>
      <behaviors>
        <behavior id="id141633" class="DestroyAction" enabled="true">
          <attributes>
            <text id="name">Destroy</text>
            <text id="bundleName">Destroy.behavior</text>
          </attributes>
        </behavior>
        <behavior id="id334098" class="ChangeAttributeAction" enabled="true">
          <attributes>
            <text id="name">Change Attribute</text>
            <text id="bundleName">ChangeAttribute.behavior</text>
            <text id="targetAttribute">game.attributes.id351029</text>
            <text id="RHS">
              <expression>
                <reference keypath="game.attributes.id351029" />
                <string>+10</string>
              </expression>
            </text>
          </attributes>
        </behavior>
        <behavior id="id530321" class="SpawnAction" enabled="true">
          <attributes>
            <text id="name">Spawn Actor</text>
            <text id="bundleName">Spawn.behavior</text>
            <text id="prototypeKey">id981838</text>
            <angle id="direction">0</angle>
            <index id="directionSpace">0</index>
            <real id="x">0</real>
            <real id="y">0</real>
            <index id="positionSpace">0</index>
            <index id="layerOrder">0</index>
          </attributes>
        </behavior>
      </behaviors>
      <elseBehaviors />
    </behavior>
  </behaviors>
  <aspects>
    <graphics>
      <attributes>
        <boolean id="visible">true</boolean>
        <enumeration id="blendingMode">0</enumeration>
        <enumeration id="horizontalWrap">0</enumeration>
        <enumeration id="verticalWrap">0</enumeration>
        <enumeration id="horizontalAnchor">0</enumeration>
        <enumeration id="verticalAnchor">0</enumeration>
        <boolean id="flipHorizontally">false</boolean>
        <boolean id="flipVertically">false</boolean>
      </attributes>
    </graphics>
    <motion>
      <attributes>
        <point id="linearVelocity">
          <real id="x">0</real>
          <real id="y">0</real>
        </point>
        <real id="angularVelocity">0</real>
        <real id="maxSpeed">0</real>
        <boolean id="applyMaxSpeed">false</boolean>
      </attributes>
    </motion>
    <physics>
      <attributes>
        <real id="density">1</real>
        <real id="friction">3</real>
        <real id="restitution">1</real>
        <boolean id="fixedRotation">false</boolean>
        <boolean id="movable">true</boolean>
        <enumeration id="collisionShape">0</enumeration>
        <real id="drag">0</real>
        <real id="angularDrag">0</real>
      </attributes>
    </physics>
  </aspects>
</actor>