<?xml version="1.0" encoding="utf-8"?>
<actor id="id751213" PGFVersion="0.17" GSCVersion="0.9.91">
  <attributes>
    <text id="name">big explosion</text>
    <real id="time">0</real>
    <point id="position">
      <real id="x">0</real>
      <real id="y">0</real>
    </point>
    <size id="size">
      <real id="width">256</real>
      <real id="height">256</real>
    </size>
    <angle id="rotation">0</angle>
    <color id="color">
      <real id="red">1</real>
      <real id="green">1</real>
      <real id="blue">1</real>
      <real id="alpha">1</real>
    </color>
    <image id="image">boom00</image>
    <text id="tags" />
    <boolean id="preloadArt">true</boolean>
  </attributes>
  <behaviors>
    <behavior id="id852146" class="PlaySoundAction" enabled="true">
      <attributes>
        <text id="name">Play Sound</text>
        <text id="bundleName">PlaySound.behavior</text>
        <sound id="soundName">boom</sound>
        <boolean id="loop">false</boolean>
        <boolean id="runToCompletion">true</boolean>
        <boolean id="positional">false</boolean>
        <boolean id="dopplerShift">false</boolean>
        <real id="volume">1</real>
        <real id="pitch">1</real>
      </attributes>
    </behavior>
    <behavior id="id925244" class="AnimateBehavior" enabled="true">
      <attributes>
        <text id="name">Animate</text>
        <text id="bundleName">Animate.behavior</text>
        <text id="images">boom00	boom01	boom02	boom03	boom04	boom05	boom06	boom07	boom08	boom09	boom10	boom11	boom12	boom13	boom14	boom15	boom16</text>
        <index id="speed">30</index>
        <boolean id="loop">false</boolean>
        <boolean id="restoreActorImage">false</boolean>
      </attributes>
    </behavior>
    <behavior id="id813273" class="TimerBehavior" enabled="true">
      <attributes>
        <text id="name">Timer</text>
        <text id="bundleName">Timer.behavior</text>
        <index id="timerType">1</index>
        <real id="interval">0.6</real>
        <boolean id="runToCompletion">false</boolean>
      </attributes>
      <behaviors>
        <behavior id="id503441" class="DestroyAction" enabled="true">
          <attributes>
            <text id="name">Destroy</text>
            <text id="bundleName">Destroy.behavior</text>
          </attributes>
        </behavior>
      </behaviors>
    </behavior>
  </behaviors>
  <aspects>
    <graphics>
      <attributes>
        <boolean id="visible">true</boolean>
        <enumeration id="blendingMode">0</enumeration>
        <enumeration id="horizontalWrap">0</enumeration>
        <enumeration id="verticalWrap">0</enumeration>
        <enumeration id="horizontalAnchor">0</enumeration>
        <enumeration id="verticalAnchor">0</enumeration>
        <boolean id="flipHorizontally">false</boolean>
        <boolean id="flipVertically">false</boolean>
      </attributes>
    </graphics>
    <motion>
      <attributes>
        <point id="linearVelocity">
          <real id="x">0</real>
          <real id="y">0</real>
        </point>
        <real id="angularVelocity">0</real>
        <real id="maxSpeed">0</real>
        <boolean id="applyMaxSpeed">false</boolean>
      </attributes>
    </motion>
    <physics>
      <attributes>
        <real id="density">1</real>
        <real id="friction">3</real>
        <real id="restitution">1</real>
        <boolean id="fixedRotation">false</boolean>
        <boolean id="movable">true</boolean>
        <enumeration id="collisionShape">0</enumeration>
        <real id="drag">0</real>
        <real id="angularDrag">0</real>
      </attributes>
    </physics>
  </aspects>
</actor>