<?xml version="1.0" encoding="utf-8"?>
<assets PGFVersion="0.17" GSCVersion="0.9.91">
  <sounds>
    <sound name="laser">
      <file name="laser.ogg" size="18422" />
    </sound>
    <sound name="boom">
      <file name="boom.ogg" size="40111" />
    </sound>
  </sounds>
  <images>
    <image name="sunset">
      <file name="sunset.jpg" size="8203" />
    </image>
    <image name="planet">
      <file name="planet.png" size="29127" />
    </image>
    <image name="ground">
      <file name="ground.png" size="58859" />
    </image>
    <image name="ship">
      <file name="ship.png" size="6751" />
    </image>
    <image name="laser">
      <file name="laser.png" size="485" />
    </image>
    <image name="enemy">
      <file name="enemy.png" size="9434" />
    </image>
    <image name="boom00">
      <file name="boom00.png" size="958" />
    </image>
    <image name="boom01">
      <file name="boom01.png" size="5836" />
    </image>
    <image name="boom02">
      <file name="boom02.png" size="11539" />
    </image>
    <image name="boom03">
      <file name="boom03.png" size="19201" />
    </image>
    <image name="boom04">
      <file name="boom04.png" size="25254" />
    </image>
    <image name="boom05">
      <file name="boom05.png" size="26315" />
    </image>
    <image name="boom06">
      <file name="boom06.png" size="27048" />
    </image>
    <image name="boom07">
      <file name="boom07.png" size="27611" />
    </image>
    <image name="boom08">
      <file name="boom08.png" size="27808" />
    </image>
    <image name="boom09">
      <file name="boom09.png" size="27694" />
    </image>
    <image name="boom10">
      <file name="boom10.png" size="27047" />
    </image>
    <image name="boom11">
      <file name="boom11.png" size="26671" />
    </image>
    <image name="boom12">
      <file name="boom12.png" size="24467" />
    </image>
    <image name="boom13">
      <file name="boom13.png" size="23050" />
    </image>
    <image name="boom14">
      <file name="boom14.png" size="20299" />
    </image>
    <image name="boom15">
      <file name="boom15.png" size="19334" />
    </image>
    <image name="boom16">
      <file name="boom16.png" size="17491" />
    </image>
    <image name="boss">
      <file name="boss.png" size="110816" />
    </image>
    <image name="missile">
      <file name="missile.png" size="1605" />
    </image>
  </images>
  <behaviors />
</assets>